stage,mean_ms,median_ms,std_ms,min_ms,max_ms,count
dot_detection,0.0,0.0,0.0,0.0,0.0,103
identification,6.732411650477622,4.134600000043065,4.394637870273094,0.042200000052616815,14.852799999971467,103
total,10.715994174759244,8.78710000006322,4.384606534532448,5.161699999916891,20.2468999998473,103
