stage,mean_ms,median_ms,std_ms,min_ms,max_ms,count
dot_detection,0.0,0.0,0.0,0.0,0.0,103
identification,2.460345631069447,2.0160999999916385,3.943351448088412,0.021600000081889448,40.11430000014116,103
total,6.563418446607879,6.159300000035728,4.055610166297756,3.401500000109081,44.353400000090915,103
